DRT,min,max,mean
Andesite / Basaltic Andesite,-1174,6336,2092.2158054711244
Basalt / Picro-Basalt,-3000,4754,1168.7164179104477
Dacite,-980,6879,2325.782608695652
Foidite,2829,3470,3087.0
Phono-tephrite /  Tephri-phonolite,1281,1281,1281.0
Phonolite,230,4565,3076.0
Rhyolite,-200,4643,1216.7407407407406
Trachyandesite / Basaltic Trachyandesite,-107,5323,1730.5714285714287
Trachybasalt / Tephrite Basanite,-1743,4095,1584.6206896551723
Trachyte / Trachydacite,-2515,5808,1694.2857142857142
